{
	"format_version": "1.8.0",
	"animations": {
		"idle": {
			"loop": true,
			"animation_length": 2.36,
			"bones": {
				"mummy": {
					"position": {
						"0.0": {
							"vector": [0, -0.2, 0]
						},
						"1.24": {
							"vector": [0, -0.3, 0]
						},
						"2.36": {
							"vector": [0, -0.2, 0]
						}
					}
				},
				"body": {
					"rotation": {
						"0.0": {
							"vector": [10, 0, 0]
						},
						"1.24": {
							"vector": [8, 0, 0]
						},
						"2.36": {
							"vector": [10, 0, 0]
						}
					},
					"position": {
						"0.0": {
							"vector": [0, 0, 0]
						},
						"0.76": {
							"vector": [0, -0.2, 0]
						},
						"2.36": {
							"vector": [0, 0, 0]
						}
					}
				},
				"back_cloth": {
					"rotation": {
						"0.0": {
							"vector": [-2.5, 0, 0]
						},
						"1.24": {
							"vector": [-1.5, 0, 0]
						},
						"2.36": {
							"vector": [-2.5, 0, 0]
						}
					}
				},
				"front_cloth": {
					"rotation": {
						"0.0": {
							"vector": [-18.5, 0, 0]
						},
						"1.24": {
							"vector": [-15.5, 0, 0]
						},
						"2.36": {
							"vector": [-18.5, 0, 0]
						}
					}
				},
				"head": {
					"rotation": {
						"0.0": {
							"vector": [7.47178, 0.65182, -4.95744]
						},
						"1.04": {
							"vector": [4.47178, 0.65182, -4.95744]
						},
						"1.6": {
							"vector": [2.47178, 0.65182, -4.95744]
						},
						"2.36": {
							"vector": [7.47178, 0.65182, -4.95744]
						}
					},
					"position": {
						"0.0": {
							"vector": [0, 0, 0]
						},
						"1.24": {
							"vector": [0, -0.2, 0]
						},
						"2.36": {
							"vector": [0, 0, 0]
						}
					}
				},
				"right_leg": {
					"rotation": {
						"0.0": {
							"vector": [-5, 0, 7.5]
						},
						"1.24": {
							"vector": [-4.99924, 0.08715, 8.4962]
						},
						"2.36": {
							"vector": [-5, 0, 7.5]
						}
					}
				},
				"left_leg": {
					"rotation": {
						"0.0": {
							"vector": [2.47864, 0.32621, -7.49294]
						},
						"1.24": {
							"vector": [2.46576, 0.41249, -9.49112]
						},
						"2.36": {
							"vector": [2.47864, 0.32621, -7.49294]
						}
					}
				},
				"right_arm": {
					"rotation": {
						"0.0": {
							"vector": [-25.35604, 21.97416, 11.82473]
						},
						"1.24": {
							"vector": [-20.35604, 21.97416, 11.82473]
						},
						"2.36": {
							"vector": [-25.35604, 21.97416, 11.82473]
						}
					},
					"position": {
						"0.0": {
							"vector": [0, 0, 0]
						},
						"2.36": {
							"vector": [0, 0, 0]
						}
					}
				},
				"left_arm": {
					"rotation": {
						"0.0": {
							"vector": [-9.06026, -12.00746, -25.96076]
						},
						"1.24": {
							"vector": [-4.06026, -12.00746, -25.96076]
						},
						"2.36": {
							"vector": [-9.06026, -12.00746, -25.96076]
						}
					},
					"position": {
						"0.0": {
							"vector": [0, 0, 0]
						},
						"2.36": {
							"vector": [0, 0, 0]
						}
					}
				},
				"khopesh": {
					"rotation": {
						"0.0": {
							"vector": [30, 0, 0]
						},
						"1.24": {
							"vector": [32.5, 0, 0]
						},
						"2.36": {
							"vector": [30, 0, 0]
						}
					}
				},
				"khopesh2": {
					"rotation": {
						"0.0": {
							"vector": [32.5, 0, 0]
						},
						"1.24": {
							"vector": [35, 0, 0]
						},
						"2.36": {
							"vector": [32.5, 0, 0]
						}
					}
				}
			}
		},
		"walk": {
			"loop": true,
			"animation_length": 1.8,
			"bones": {
				"mummy": {
					"rotation": {
						"0.0": {
							"vector": [0, 0, 0]
						},
						"1.8": {
							"vector": [0, 0, 0]
						}
					},
					"position": {
						"0.0": {
							"vector": [0, 0, 0]
						},
						"0.72": {
							"vector": [0, -0.4, 0]
						},
						"0.88": {
							"vector": [0, -0.14, 0]
						},
						"1.8": {
							"vector": [0, 0, 0]
						}
					}
				},
				"body": {
					"rotation": {
						"0.0": {
							"vector": [14.98637, 0.64686, -2.41492]
						},
						"0.44": {
							"vector": [19.79808, -1.98426, -3.35136]
						},
						"0.8": {
							"vector": [22.48637, 0.64686, -2.41492]
						},
						"0.96": {
							"vector": [21.38098, 5.30464, -0.59397]
						},
						"1.48": {
							"vector": [17.51334, 6.23693, -0.51733]
						},
						"1.8": {
							"vector": [14.98637, 0.64686, -2.41492]
						}
					},
					"position": {
						"0.0": {
							"vector": [0, 0, 0]
						},
						"0.96": {
							"vector": [0, 0, -0.4]
						},
						"1.8": {
							"vector": [0, 0, 0]
						}
					}
				},
				"back_cloth": {
					"rotation": {
						"0.0": {
							"vector": [-5, 0, 0]
						},
						"0.36": {
							"vector": [-0.1117, -9.99998, 0.0194]
						},
						"0.88": {
							"vector": [-17.5, 0, 0]
						},
						"1.32": {
							"vector": [0.98, 0, 0]
						},
						"1.8": {
							"vector": [-5, 0, 0]
						}
					},
					"position": {
						"0.0": {
							"vector": [0, 0, 0]
						},
						"0.36": {
							"vector": [0, 0, 0.2]
						},
						"1.8": {
							"vector": [0, 0, 0]
						}
					}
				},
				"front_cloth": {
					"rotation": {
						"0.0": {
							"vector": [-35.43659, -6.73717, 7.40702]
						},
						"0.4": {
							"vector": [-47.14287, -8.54324, 7.29124]
						},
						"0.72": {
							"vector": [-35.29982, 4.70531, 2.2158]
						},
						"0.8": {
							"vector": [-39.46188, 2.75389, 1.29685]
						},
						"0.96": {
							"vector": [-32.5, 0, 0]
						},
						"1.16": {
							"vector": [-27.79344, 2.81893, -0.88228]
						},
						"1.36": {
							"vector": [-17.08688, 5.63786, -1.76457]
						},
						"1.8": {
							"vector": [-35.43659, -6.73717, 7.40702]
						}
					},
					"position": {
						"0.0": {
							"vector": [0, 0.5, -0.1]
						},
						"0.4": {
							"vector": [0, 2.18, 0.14]
						},
						"0.72": {
							"vector": [0, 1.9, -0.2]
						},
						"0.8": {
							"vector": [0, 1.89, 0.01]
						},
						"1.16": {
							"vector": [0, 1.39, -0.23]
						},
						"1.8": {
							"vector": [0, 0.5, -0.1]
						}
					}
				},
				"head": {
					"rotation": {
						"0.0": {
							"vector": [10, 0, -5]
						},
						"0.8": {
							"vector": [0, 0, -5]
						},
						"1.36": {
							"vector": [10.6, 0, -5]
						},
						"1.8": {
							"vector": [10, 0, -5]
						}
					}
				},
				"right_leg": {
					"rotation": {
						"0.0": {
							"vector": [-12.39638, 1.61888, 7.32417]
						},
						"0.4": {
							"vector": [-27.39638, 1.61888, 7.32417]
						},
						"0.76": {
							"vector": [-2.39638, 1.61888, 7.32417]
						},
						"1.28": {
							"vector": [20.10362, 1.61888, 7.32417]
						},
						"1.8": {
							"vector": [-12.39638, 1.61888, 7.32417]
						}
					},
					"position": {
						"0.0": {
							"vector": [0, 0, 0]
						},
						"0.4": {
							"vector": [0, 0.7, -0.7]
						},
						"0.76": {
							"vector": [0, 0, -1]
						},
						"1.28": {
							"vector": [0, 0, 0]
						},
						"1.8": {
							"vector": [0, 0, 0]
						}
					}
				},
				"left_leg": {
					"rotation": {
						"0.0": {
							"vector": [7.49294, 0.32621, -2.47864]
						},
						"0.32": {
							"vector": [17.49294, 0.32621, -2.47864]
						},
						"0.76": {
							"vector": [-17.50706, 0.32621, -2.47864]
						},
						"1.2": {
							"vector": [2.49294, 0.32621, -2.47864]
						},
						"1.8": {
							"vector": [7.49294, 0.32621, -2.47864]
						}
					},
					"position": {
						"0.0": {
							"vector": [0, 0, 0]
						},
						"0.32": {
							"vector": [0, 0, 0.2]
						},
						"0.76": {
							"vector": [0, 0.5, -1]
						},
						"1.2": {
							"vector": [0, -0.1, -1]
						},
						"1.8": {
							"vector": [0, 0, 0]
						}
					}
				},
				"left_cloth": {
					"position": {
						"vector": [0, 0, 0]
					}
				},
				"right_arm": {
					"rotation": {
						"0.0": {
							"vector": [10.41836, 5.55725, 21.81539]
						},
						"1.08": {
							"vector": [-26.83164, 5.55725, 21.81539]
						},